{
  "dev": {
    "driver": "pg",
    "host": {
      "ENV": "POSTGRES_HOST"
    },
    "database": {
      "ENV": "POSTGRES_DB"
    },
    "user": {
      "ENV": "POSTGRES_USER"
    },
    "password": {
      "ENV": "POSTGRES_PASSWORD"
    },
    "port": {
      "ENV": "POSTGRES_PORT"
    }
  },
  "test": {
    "driver": "pg",
    "host": {
      "ENV": "POSTGRES_HOST"
    },
    "database": {
      "ENV": "POSTGRES_TEST_DB"
    },
    "user": {
      "ENV": "POSTGRES_USER"
    },
    "password": {
      "ENV": "POSTGRES_PASSWORD"
    },
    "port": {
      "ENV": "POSTGRES_PORT"
    }
  },
  "prod": {
    "driver": "pg",
    "host": {
      "ENV": "RDS_HOSTNAME"
    },
    "database": {
      "ENV": "RDS_DB_NAME"
    },
    "user": {
      "ENV": "RDS_USERNAME"
    },
    "password": {
      "ENV": "RDS_PASSWORD"
    },
    "port": {
      "ENV": "RDS_PORT"
    }
  }
}

